point,group_size,replica_percent,achieved_replica_fraction,mean_training_epoch_seconds,order_excluded_mean_seconds,speedup_vs_fresh_g2_r20,order_excluded_speedup_vs_g2_r20,layout_address_span_bytes,groups,padding_rows,group_sample_fraction
g1_r00,1,0,0.0,119.76665220782161,119.69016195833683,0.8783886685837011,0.8783425748042082,415097704448,99953964,699677748,0.011759882514774332
g1_r10,1,10,0.09999999459751271,119.97556909359992,119.88906930759549,0.876859105302361,0.8768853210753709,460587859968,111059959,777419713,0.013290814307623225
g1_r20,1,20,0.19999999819917091,119.93233173526824,119.86020001396537,0.8771752258246072,0.8770965259608218,506078019584,122165955,855161685,0.01487749686299894
g1_r40,1,40,0.39999999639834183,120.41415326111019,120.34172056429088,0.8736653235889364,0.8735870198652727,597058334720,144377946,1010645622,0.017979245428687052
g1_r80,1,80,0.7999999927966837,121.75862194597721,121.68764152005315,0.864018239465886,0.8639247479859642,779018964992,188801928,1321613496,0.02337228536915258
g2_r00,2,0,0.0,105.84222069755197,105.76551682315767,0.9939480623160133,0.993981480835538,165694607360,35427054,212562324,0.014713775102344742
g2_r10,2,10,0.09999998559336724,105.02947175130248,104.9595312140882,1.0016395247865368,1.0016142775903263,188439683072,40980051,245880306,0.016207113791185078
g2_r20,2,20,0.19999998919502543,105.20167017355561,105.12896503321826,1.0,1.0,211184762880,46533049,279198294,0.01786597040307569
g2_r40,2,40,0.39999999639834183,104.29197810217738,104.2205213457346,1.0087225507458204,1.008716552899117,256674922496,57639045,345834270,0.021271291129320486
g2_r80,2,80,0.7999999927966837,105.18170492351055,105.10593960806727,1.0001898167562466,1.0002190687342394,347655237632,79851036,479106216,0.027489015924038865
g4_r00,4,0,0.0,92.25242266431451,92.17636173218489,1.14036756038766,1.140519793335592,88265035776,15333172,61332692,0.017743584186637972
g4_r10,4,10,0.0999999675850763,91.02051892131567,90.950793819502,1.1558016963680364,1.155888372363784,99637571584,18109670,72438684,0.018987647566723883
g4_r20,4,20,0.1999999711867345,91.74010358564556,91.66444394923747,1.1467358991517027,1.146889246297477,111010111488,20886169,83544680,0.020491773905659746
g4_r40,4,40,0.39999997839005086,91.67726807296276,91.55844672769308,1.1475218708505717,1.1482170000752163,133755191296,26439167,105756672,0.02373739348546937
g4_r80,4,80,0.7999999927966837,90.61546616628766,90.54061069525778,1.1609681506300584,1.1611249827667063,179245350912,37545163,150180656,0.02997922634321313
